{"mean": [0.5410146894194147], "scale": [0.38106745243676604]}