{"mean": [0.8691196966305824], "scale": [0.3296673508701749]}